﻿<?xml version="1.0" encoding="utf-8"?>
<rss xmlns:media="http://search.yahoo.com/mrss/" version="2.0">
  <channel>
    <item>
      <title>موسیقی بیکلام Destiny</title>
      <link>https://www.namasha.com/v/Z4yf9eX7</link>
      <media:thumbnail url="https://s13.namasha.com/images/preview/7228840214-320x180.jpg" />
      <media:content url="https://s11.namasha.com/videos/7232618709.mp4" />
    </item>
    <item>
      <title>زندگینامه و آثار کریستوفر نولان</title>
      <link>https://www.namasha.com/v/lAyoYd2C</link>
      <media:thumbnail url="https://s10.namasha.com/images/preview/7218545913-320x180.jpg" />
      <media:content url="https://s11.namasha.com/videos/7232618709.mp4" />
    </item>
    <item>
      <title>معرفی و دانلود انیمیشن بتمن :هاش</title>
      <link>https://www.namasha.com/v/JCmZsqkF</link>
      <media:thumbnail url="https://s10.namasha.com/images/preview/7207896555-320x180.jpg" />
      <media:content url="https://s11.namasha.com/videos/7232618709.mp4" />
    </item>
    <item>
      <title>دانلود سریال زیبای  gotham گاتهام فصل1قسمت2زیرنویس فارسی</title>
      <link>https://www.namasha.com/v/ZwyW4evq</link>
      <media:thumbnail url="https://s10.namasha.com/images/preview/7195754836-320x180.jpg" />
      <media:content url="https://s11.namasha.com/videos/7232618709.mp4" />
    </item>
    <item>
      <title>اطلاعیه سریال جدید/گاتهام</title>
      <link>https://www.namasha.com/v/vgSUVsdI</link>
      <media:thumbnail url="https://s10.namasha.com/images/preview/7195641505-320x180.jpg" />
      <media:content url="https://s11.namasha.com/videos/7232618709.mp4" />
    </item>
    <item>
      <title>محمدرضا علیمردانی - منحنی</title>
      <link>https://www.namasha.com/v/4S64wMuK</link>
      <media:thumbnail url="https://s9.namasha.com/images/preview/7189345264-320x180.jpg" />
      <media:content url="https://s11.namasha.com/videos/7232618709.mp4" />
    </item>
    <item>
      <title>بتمن و جوکر</title>
      <link>https://www.namasha.com/v/yRM3ynJI</link>
      <media:thumbnail url="https://s5.namasha.com/images/preview/7136328595-320x180.jpg" />
      <media:content url="https://s11.namasha.com/videos/7232618709.mp4" />
    </item>
    <item>
      <title>بهترین سکانس های فیلم های کریستوفر نولان</title>
      <link>https://www.namasha.com/v/5KhQeEOD</link>
      <media:thumbnail url="https://s5.namasha.com/images/preview/7135167846-320x180.jpg" />
      <media:content url="https://s11.namasha.com/videos/7232618709.mp4" />
    </item>
    <item>
      <title>نبرد بین جوکر و بتمن و هارلی کویین BATMAN VS JOKER &amp; HARLEY QUINN</title>
      <link>https://www.namasha.com/v/kTGf4HSF</link>
      <media:thumbnail url="https://s5.namasha.com/images/preview/7133965799-320x180.jpg" />
      <media:content url="https://s11.namasha.com/videos/7232618709.mp4" />
    </item>
    <item>
      <title>The Joker VS Dr Crane/Scarecrow</title>
      <link>https://www.namasha.com/v/gQIu2rrU</link>
      <media:thumbnail url="https://s5.namasha.com/images/preview/7131116662-320x180.jpg" />
      <media:content url="https://s11.namasha.com/videos/7232618709.mp4" />
    </item>
    <item>
      <title>قسمتی از بتمن و جوک کشنده.با زیرنوس فارسی(قسمت موزیکال)</title>
      <link>https://www.namasha.com/v/CQsjvSon</link>
      <media:thumbnail url="https://s1.namasha.com/images/preview/7123816555-320x180.jpg" />
      <media:content url="https://s11.namasha.com/videos/7232618709.mp4" />
    </item>
    <item>
      <title>چند  تا از مرگ  های بر گزیده جوکر</title>
      <link>https://www.namasha.com/v/Neo8dTE8</link>
      <media:thumbnail url="https://s5.namasha.com/images/preview/7121172896-320x180.jpg" />
      <media:content url="https://s11.namasha.com/videos/7232618709.mp4" />
    </item>
    <item>
      <title>Mr.J*_*</title>
      <link>https://www.namasha.com/v/FHpQiNeR</link>
      <media:thumbnail url="https://s4.namasha.com/images/preview/7112595585-320x180.jpg" />
      <media:content url="https://s11.namasha.com/videos/7232618709.mp4" />
    </item>
    <item>
      <title>اولین کلیپ از بتمن:شوخی مرگبار</title>
      <link>https://www.namasha.com/v/cMLwcobi</link>
      <media:thumbnail url="https://s2.namasha.com/images/preview/6830578468-320x180.jpg" />
      <media:content url="https://s11.namasha.com/videos/7232618709.mp4" />
    </item>
    <item>
      <title>اولین ویدیوی منتشر شده از فصل دوم سریال هارلی کویین</title>
      <link>https://www.namasha.com/v/26mlkju1</link>
      <media:thumbnail url="https://s13.namasha.com/images/preview/7232643652-320x180.jpg" />
      <media:content url="https://s11.namasha.com/videos/7232618709.mp4" />
    </item>
    <item>
      <title>جوکر</title>
      <link>https://www.namasha.com/v/H6chl2Hh</link>
      <media:thumbnail url="https://s13.namasha.com/images/preview/7231735799-320x180.jpg" />
      <media:content url="https://s11.namasha.com/videos/7232618709.mp4" />
    </item>
  </channel>
</rss>